ID,FX,FY,MZ
A0,-531043.652231,-62553.9589943,1921652165.92
B0,-577535.847906,10676953.959,2021195514.2
C0,-269275.597978,6848000.0,1352152187.63
D0,-107413.280897,2634534.27998,
E0,-129305.535013,11061465.72,
F0,-262327.542413,7019200.0,1330339163.52
G0,-258098.543561,3595200.0,1317087199.03
