ID,FX,FY,MZ
A0,-814612.943153,-1552483.64119,2922824099.58
B0,-861413.901977,12166883.6412,3023585909.64
C0,-408594.371127,6848000.0,2041539928.94
D0,-169339.945804,1148015.32815,
E0,-190949.970699,12547984.6718,
F0,-398578.602206,7019200.0,2010958434.57
G0,-392231.045862,3595200.0,1991132492.5
