ID,FX,FY,MZ
A0,-1935973.384189177,-14654844.317060633,6946682872.319824
B0,-1983200.6666435366,31419644.317055464,7049582788.840637
C0,-942464.345377892,10815999.99999998,4793587373.053371
D0,-399090.13478424866,-10860703.490728466,
E0,-419403.4234527829,32492703.49072985,
F0,-919354.3694260078,11086399.999999985,4724240852.459154
G0,-904564.6907301031,5678399.999999978,4678011169.204065
