ID,FX,FY,MZ
A0,-1935973.3841949715,-14654844.317213215,6946682872.340964
B0,-1983200.6666493078,31419644.317212917,7049582788.861709
C0,-942464.3453807055,10815999.99999999,4793587373.068031
D0,-399090.13478534843,-10860703.490886115,
E0,-419403.42345389136,32492703.490885668,
F0,-919354.3694288793,11086399.999999989,4724240852.473995
G0,-904564.690732978,5678399.999999982,4678011169.218907
