ID,FX,FY,MZ
A0,-944801.389259,542068.693854,3345741173.25
B0,-995542.969518,16222731.3061,3458844075.1
C0,-930121.493961,3631365.95654,3322236534.11
D0,-278203.458179,11395838.401,
E0,-218004.089743,17420795.6425,
F0,-964089.569783,3284831.88123,3399037422.66
G0,-1009122.44177,13479968.1188,3494127400.6
