NODEID,FX,FY,MZ
B,2813.79170384315,0,0
C,1202.12319060232,0,0
E,3167.3538111556,0,0
F,1197.22604096327,0,0
G,1499.07727961133,0,0
H,569.111887550071,0,0
K,1427.89353417046,0,0
L,601.035637906728,0,0
