NODEID,FX,FY,MZ
B,2813.79170384323,0,0
C,1202.12319060227,0,0
E,3167.35381115566,0,0
F,1197.22604096329,0,0
G,1499.07727961136,0,0
H,569.111887550077,0,0
K,1427.89353417048,0,0
L,601.035637906734,0,0
