NODEID,FX,FY,MZ
A,-3625.02045322928,989141.474477153,63324511.6095748
D,-69040.008304367,1060858.52552286,205797687.621668
I,-2744.48281668671,500000,
J,-2368.10151151344,500000,
