NODEID,FX,FY,MZ
A,-3625.02045323096,989141.474477111,63324511.6095811
D,-69040.0083043686,1060858.52552286,205797687.621674
I,-2744.48281668678,500000,
J,-2368.10151151355,500000,
