NODEID,FX,FY,MZ
A,-3625.02045322396,989141.474477137,63324511.6095557
D,-69040.0083043616,1060858.52552285,205797687.621648
I,-2744.48281668605,500000,
J,-2368.10151151284,500000,
