NODEID,FX,FY,MZ
A,-3625.02045322872,989141.47447712,63324511.6095731
D,-69040.0083043664,1060858.52552286,205797687.621666
I,-2744.48281668654,500000,
J,-2368.10151151331,500000,
