NODEID,FX,FY,MZ
A0,-114985.838246066,8191415.0048509,
B0,-150393.851305538,14822984.9951491,
C0,-120336.21817847,12992089.2675672,
D0,-154495.099476275,15460977.5438784,
E0,-144093.356820283,16090933.1885542,
F0,-121127.687706069,11963883.9675239,
G0,-156567.948266048,11050516.0324761,
