NODEID,FX,FY,MZ
A0,-114985.838245951,8191415.00485386,
B0,-150393.851305423,14822984.9951462,
C0,-120336.218178357,12992089.2675706,
D0,-154495.099476142,15460977.5438785,
E0,-144093.35682017,16090933.1885509,
F0,-121127.687705954,11963883.9675268,
G0,-156567.948265933,11050516.0324732,
