NODEID,FX,FY,MZ
A0,-114985.838245896,8191415.00485473,
B0,-150393.851305368,14822984.9951453,
C0,-120336.218178303,12992089.2675714,
D0,-154495.099476079,15460977.5438783,
E0,-144093.356820117,16090933.1885498,
F0,-121127.6877059,11963883.9675278,
G0,-156567.948265879,11050516.0324724,
