NODEID,FX,FY,MZ
A0,-114985.838245757,8191415.00485409,
B0,-150393.851305229,14822984.9951459,
C0,-120336.218178168,12992089.2675705,
D0,-154495.099475922,15460977.5438784,
E0,-144093.356819982,16090933.1885509,
F0,-121127.687705759,11963883.9675271,
G0,-156567.948265738,11050516.0324729,
