ID,FX,FY,MZ
A0,-855841.0327878126,-3466069.1151231416,3096371562.8958397
B0,-902236.6347086537,20230869.115122072,3195680358.1594934
C0,-423851.111744658,10815999.999999983,2157978428.1994705
D0,-171960.57915929332,332404.6303188738,
E0,-193467.40926818643,21299595.36968247,
F0,-413160.96008289326,11086399.999999993,2124756956.6928368
G0,-406482.2722347691,5678399.999999982,2103833287.0694609
