ID,FX,FY,MZ
A0,-588097.363747,2244909.6347,2105832104.2
B0,-636651.97425,14519890.3653,2211842302.8
C0,-581603.210063,5419941.95971,2095290553.92
D0,-175620.334257,11345267.3997,
E0,-138388.366032,15682790.6406,
F0,-600484.82426,4984721.9598,2136854165.11
G0,-646153.9274,11780078.0402,2233925807.46
