ID,FX,FY,MZ
A,-371.307390062,995932.394338,49907852.1987
D,-64928.6925994,1054067.60566,189782288.067
I,-1.81898940355e-12,500000.0,
J,1.81898940355e-12,500000.0,
