ID,FX,FY,MZ
A,2177.82145131,994654.015809,41899586.3039
D,-63235.5670169,1055345.98419,184367579.688
I,-2308.98136054,500000.0,
J,-1933.27307387,500000.0,
