NODEID,FX,FY,MZ
A,2177.82145131251,994654.015808745,41899586.3038907
D,-63235.5670168975,1055345.98419125,184367579.68789
I,-2308.98136053792,500000,
J,-1933.27307387028,500000,
