NODEID,FX,FY,MZ
A,2177.82145130843,994654.015808766,41899586.3039054
D,-63235.5670169017,1055345.98419125,184367579.687905
I,-2308.98136053844,500000,
J,-1933.27307387074,500000,
