NODEID,FX,FY,MZ
A,-371.364644938214,995932.393605803,49908013.79369
D,-64928.6338977877,1054067.6063942,189782098.187344
I,1.81898940354586e-12,500000,
J,1.81898940354586e-12,500000,
