NODEID,FX,FY,MZ
A,-371.36519092261,995932.393819076,49908015.583129
D,-64928.6344437721,1054067.60618092,189782099.976783
I,5.45696821063757e-12,500000,
J,0,500000,
