NODEID,FX,FY,MZ
A,-371.365815197518,995932.392434283,49908018.1290399
D,-64928.635068047,1054067.60756572,189782102.522694
I,-1.81898940354586e-12,500000,
J,0,500000,
